Joe,Dow,joe12345@mail.com,!ASfdfd123
Mike,Ben,mike2345@mail.com,!ASfdfd124
Pite,Ban,pite12345@mail.com,!ASfdfd125
Rick,Mond,rick12345@mail.com,!ASfdfd126
Ronen,Van,ronen12345@mail.com,!ASfdfd127
Lilia,Lim,lilia12345@mail.com,!ASfdfd128
Kate,Rom,kate12345@mail.com,!ASfdfd129